stock_name,sector,day1,day2,day3,day4,day5,day6,day7,day8,day9,day10
Reliance Industries,Petroleum,1665.73,1603.02,1531.43,1449.6,1347.04,1269.08,1289.01,1290.39,1370.81,1299.67
ONGC,Petroleum,3441.83,3613.99,3480.28,3585.85,3714.36,3639.93,3486.6,3322.62,3467.34,3461.24
Indian Oil,Petroleum,1766.04,1806.42,1796.09,1822.76,1775.22,1836.58,1913.94,1765.6,1790.5,1694.04
BPCL,Petroleum,1635.76,1741.43,1790.57,1873.55,1937.02,1905.3,1963.03,1946.3,2034.11,1947.61
HPCL,Petroleum,1913.68,1809.48,1840.38,1846.32,1936.37,1890.77,1993.22,1898.9,1845.51,1923.24
HDFC Bank,Banking,206.99,191.62,198.22,206.19,209.89,211.94,220.26,206.19,206.24,191.99
ICICI Bank,Banking,1922.57,1842.46,1822.48,1792.46,1859.91,1992.4,1981.96,1921.3,2033.78,2112.0
SBI,Banking,3478.68,3738.34,3929.88,4034.13,4342.87,4640.82,4840.69,5202.25,4821.67,4583.38
Axis Bank,Banking,2155.31,2317.78,2328.77,2470.8,2358.83,2284.26,2239.73,2125.38,2155.09,2202.22
Kotak Mahindra Bank,Banking,1041.23,1073.94,991.06,964.5,989.92,1013.16,1054.83,1000.7,928.78,981.07
IndusInd Bank,Banking,1863.06,1921.86,1921.62,1881.77,1878.12,1732.73,1658.81,1744.87,1826.36,1854.54
TCS,IT,529.44,539.54,510.47,488.72,483.5,444.86,451.09,484.33,511.59,473.07
Infosys,IT,708.36,722.81,677.48,724.25,760.17,700.98,708.22,732.05,778.08,813.69
Wipro,IT,1061.74,993.1,975.82,994.53,1054.16,1090.52,1108.3,1110.83,1049.36,1014.85
HCL Tech,IT,1970.71,1918.84,1890.64,1779.76,1870.85,1906.84,2041.65,2030.25,2026.41,1876.16
Tech Mahindra,IT,2039.69,2150.94,2003.39,1987.61,1832.31,1914.46,1762.7,1816.3,1744.78,1618.47
LTIMindtree,IT,3741.93,3723.99,3860.12,3814.94,3973.98,4080.52,3801.46,3593.04,3589.32,3706.1
Tata Motors,Automobile,546.56,587.43,606.65,639.67,654.24,623.56,665.64,682.92,678.73,669.15
Mahindra & Mahindra,Automobile,2348.53,2201.5,2244.42,2287.09,2183.91,2176.14,2274.1,2153.34,2067.0,1968.32
Maruti Suzuki,Automobile,198.27,186.31,173.55,171.88,169.17,173.56,185.28,177.64,176.91,164.17
Bajaj Auto,Automobile,2678.67,2872.75,2847.71,3066.69,3149.36,2942.25,3089.93,3239.24,3140.18,3131.91
Hero MotoCorp,Automobile,1149.48,1125.23,1114.08,1048.25,1085.57,1080.83,1033.93,1038.33,1077.66,1076.61
Adani Enterprises,Conglomerate,2842.45,2948.19,2882.94,2984.4,3076.9,3038.1,2916.45,2989.39,2883.36,2913.72
Adani Ports,Infrastructure,3030.45,3164.63,3292.9,3338.04,3422.22,3587.4,3820.41,3874.91,3639.54,3400.79
UltraTech Cement,Cement,2558.63,2511.49,2469.19,2298.32,2439.31,2309.46,2134.87,2076.95,2145.71,2185.19
ACC,Cement,3632.52,3694.46,3518.4,3241.49,3166.74,3147.17,2963.81,2814.13,2873.08,3098.93
Ambuja Cements,Cement,921.08,875.75,927.25,970.26,1027.24,1020.98,1048.67,986.14,911.78,909.68
Asian Paints,Consumer,461.06,491.64,519.19,530.17,507.03,489.58,469.58,445.91,417.46,437.57
ITC,FMCG,1246.54,1199.87,1108.69,1196.6,1233.0,1137.52,1076.28,1151.03,1115.18,1161.58
Nestle India,FMCG,1562.98,1441.81,1493.75,1508.71,1587.46,1511.8,1440.16,1361.52,1389.4,1397.68
Britannia,FMCG,2033.64,2071.16,2062.51,1908.11,2007.31,1972.43,1955.95,1989.98,1907.91,1809.74
Hindustan Unilever,FMCG,3538.08,3540.0,3501.43,3436.23,3568.1,3332.51,3175.87,3071.26,2895.32,2891.2
Titan,Luxury,2761.12,2913.41,2780.52,2613.75,2744.4,2591.77,2458.01,2460.68,2342.03,2168.11
Zomato,Technology,2198.24,2046.47,2012.01,1909.84,1922.43,2021.27,1978.26,1892.79,1759.6,1835.01
Paytm,Fintech,2773.33,2603.39,2400.38,2360.36,2490.9,2459.86,2513.55,2490.17,2538.08,2539.47
IRCTC,Railways,1035.45,1010.49,1076.79,1099.23,1046.04,1021.43,1076.44,1078.9,1133.21,1209.71
Coal India,Mining,1208.08,1163.66,1172.56,1214.92,1300.93,1336.6,1250.83,1173.91,1192.18,1245.85
Tata Steel,Steel,2749.18,2870.65,3059.58,3142.35,3026.17,3219.21,3049.69,3186.23,3218.58,3294.37
JSW Steel,Steel,714.65,764.18,730.58,685.25,637.05,621.38,572.12,546.31,562.65,603.65
Sun Pharma,Pharma,2279.35,2114.51,2073.34,1950.22,1931.36,1903.65,1816.09,1731.89,1819.74,1853.09
Dr Reddy's,Pharma,3412.84,3482.32,3534.84,3381.5,3308.99,3360.15,3247.34,3104.04,2975.12,3073.67
Cipla,Pharma,3826.75,4087.77,3788.92,3909.81,3755.43,3895.02,3588.71,3537.87,3478.53,3256.74
Apollo Hospitals,Healthcare,864.06,895.02,867.16,915.13,916.18,845.89,845.46,868.28,867.97,846.69
Larsen & Toubro,Infrastructure,868.14,907.56,918.47,974.1,1014.23,1010.23,991.13,1040.84,982.23,1042.28
Power Grid,Energy,3088.65,2842.38,2615.45,2763.45,2756.87,2933.12,3025.61,2812.78,2797.44,2780.46
NTPC,Energy,3850.38,3738.83,3991.11,3776.37,3782.44,3779.6,3500.3,3225.4,3221.86,3326.51
BHEL,Energy,3693.91,3599.81,3380.0,3253.53,3490.9,3735.4,3814.03,3655.65,3682.02,3414.8
Pidilite,Chemicals,3604.54,3428.64,3235.46,3210.25,3402.22,3210.8,3040.62,3052.94,2835.5,2742.04
DLF,Real Estate,492.45,470.15,469.22,488.93,466.38,434.28,405.19,406.79,430.37,458.44
Godrej Properties,Real Estate,372.75,360.32,359.91,361.65,359.54,384.69,371.77,346.76,363.4,366.18
